batch_size,world_size,avg. collection time (ms),avg. time per step (ms)
4,1,0.0,48.87346224859357
4,2,0.0,51.481412878880896
4,2,0.0,51.41207120484776
4,2,0.0,52.19461874932878
4,2,0.0,50.98831813989414
4,2,0.0,53.8142167756127
4,2,0.0,52.11720496623053
4,2,0.0,52.45375056337151
4,2,0.0,51.964029333450725
4,2,0.0,52.274972303873966
4,2,0.0,51.91629082481894
10,2,0.0,163.4201818249292
10,2,0.0,27.993668879692752
10,2,0.0,14.113714401092794
