bucket_size_mb,world_size,avg. collection time (ms),avg. time per step (ms)
1.0,2,0.0,247.2917148067305
10.0,2,0.0,241.52369608378245
10.0,2,0.0,234.93743726673225
100.0,2,0.0,218.6813210395889
1000.0,2,0.0,236.6123074769146
