data_size (MB),n_procs,backend,avg. time (ms),std. time (ms)
0,2,gloo,0.5600614240393043,
0,4,gloo,1.1068156454712152,
0,6,gloo,1.7260740278288722,
0,2,gloo,0.2689521643333137,
0,4,gloo,0.9739696979522705,
0,6,gloo,1.6650180332362652,
