data_size (MB),world_size,backend,avg. time (ms)
1.0,2,nccl,0.0517040971317328
1.0,4,nccl,0.0616453180555254
1.0,6,nccl,0.0768658549835284
10.0,2,nccl,0.1827558735385537
10.0,4,nccl,0.2286973322043195
10.0,6,nccl,0.2440982110177477
100.0,2,nccl,1.3643698766827583
100.0,4,nccl,1.8467865884304049
100.0,6,nccl,1.7315768636763096
1024.0,2,nccl,12.282630428671837
1024.0,4,nccl,17.720328643918037
1024.0,6,nccl,16.323211292425793
