batch_size,world_size,avg. collection time (ms),avg. time per step (ms)
2,2,34.84462711235715,375.027577754938
4,1,0.9336524332563082,54.37843237693111
4,1,0.9010109222597548,54.337808629497886
4,1,,
4,1,,
4,1,0.8962501306086779,56.45207256182201
4,2,35.136539463160766,559.0832030348894
4,2,1.04493443440232,42.54121892154217
8,2,34.85353394514985,890.9313241019845
