batch_size,world_size,avg. collection time (ms),avg. time per step (ms)
2,2,34.84462711235715,375.027577754938
4,2,35.136539463160766,559.0832030348894
8,2,34.85353394514985,890.9313241019845
