batch_size,world_size,avg. collection time (ms),avg. time per step (ms)
2,2,41.05504263295896,379.9749600131893
4,2,41.19653456533948,569.670671571253
8,2,41.32962364115213,902.260113348204
