batch_size,world_size,avg. collection time (ms),avg. time per step (ms)
2,2,0.0,48.29457825204978
2,2,0.0,363.83813933935016
4,2,0.0,553.6612893144289
4,2,0.0,53.73452826299601
4,2,0.0,552.9788849978812
4,2,0.0,48.95381112065581
4,2,0.0,51.65516691178911
4,2,0.0,49.16188912466168
4,2,0.0,44.59614505887859
4,2,0.0,47.37849886566777
4,2,0.0,51.65079536123408
4,2,0.0,51.337531897135904
4,2,0.0,67.6666414623873
4,2,0.0,576.4437844304161
4,2,0.0,49.06220672031244
8,2,0.0,886.1398394348927
